ID,Calories
10001,159.02042
10002,27.637611
10003,53.420105
10004,60.718975
10005,174.55026
10006,121.7489
10007,14.297025
10008,81.626686
10009,26.807562
10010,12.089513
10011,65.91723
10012,62.307293
10013,172.32863
10014,30.17316
10015,56.393017
10016,6.839059
10017,218.86626
10018,158.9436
10019,128.4884
10020,56.30658
10021,40.88992
10022,40.66839
10023,16.864138
10024,53.400505
10025,86.556915
10026,184.85945
10027,14.330709
10028,90.70086
10029,119.52869
10030,49.356598
10031,68.07782
10032,9.800142
10033,184.68681
10034,63.267494
10035,2.798331
10036,80.33778
10037,200.00882
10038,31.372105
10039,116.00289
10040,184.8615
10041,197.32199
10042,77.5902
10043,49.07153
10044,143.1295
10045,99.34619
10046,20.605747
10047,13.85579
10048,81.27467
10049,155.99614
10050,77.926956
10051,23.091316
10052,132.66106
10053,120.37201
10054,99.734535
10055,62.874695
10056,188.47366
10057,52.454296
10058,173.17947
10059,35.314743
10060,49.16643
10061,210.91309
10062,135.57304
10063,6.8730087
10064,92.06109
10065,231.53676
10066,8.201897
10067,217.02818
10068,10.430506
10069,135.34474
10070,73.939064
10071,67.67137
10072,100.351204
10073,149.37367
10074,35.995293
10075,89.1803
10076,92.23909
10077,131.79991
10078,95.6637
10079,138.09007
10080,148.5843
10081,127.04584
10082,21.367697
10083,8.424422
10084,33.435886
10085,18.367855
10086,37.943226
10087,169.41815
10088,127.60975
10089,77.65051
10090,186.52455
10091,9.11031
10092,46.712788
10093,19.060396
10094,76.74046
10095,94.05672
10096,25.568525
10097,137.10168
10098,108.64662
10099,4.10213
10100,0.19336355
10101,102.46094
10102,151.3719
10103,60.956905
10104,254.40562
10105,95.91074
10106,36.586365
10107,11.023731
10108,16.741884
10109,23.88921
10110,9.025843
10111,43.729404
10112,55.61469
10113,156.1411
10114,143.65674
10115,68.22617
10116,119.8049
10117,51.754807
10118,208.81126
10119,155.43265
10120,146.69221
10121,27.752272
10122,34.065952
10123,21.790201
10124,153.52634
10125,87.00904
10126,141.46487
10127,137.85605
10128,187.82326
10129,178.52377
10130,128.27373
10131,55.1478
10132,122.35509
10133,45.9525
10134,31.601639
10135,102.77613
10136,30.552599
10137,12.388847
10138,77.079094
10139,102.995415
10140,109.63547
10141,158.02562
10142,13.847889
10143,45.431934
10144,28.07195
10145,164.48671
10146,121.38265
10147,110.25204
10148,101.01403
10149,56.097813
10150,81.47062
10151,6.256453
10152,25.86399
10153,159.03195
10154,2.678647
10155,114.1005
10156,173.8771
10157,188.08669
10158,169.4302
10159,50.733467
10160,47.51233
10161,60.65608
10162,21.63696
10163,82.61608
10164,48.524525
10165,68.395424
10166,78.85001
10167,29.561277
10168,54.213943
10169,136.48866
10170,198.79733
10171,36.237827
10172,221.03607
10173,42.686848
10174,60.465355
10175,116.12025
10176,44.432133
10177,92.01744
10178,78.05733
10179,161.90274
10180,70.5775
10181,37.76876
10182,47.46836
10183,20.258162
10184,162.36641
10185,182.8136
10186,49.914673
10187,7.7057705
10188,191.92047
10189,90.00223
10190,119.488106
10191,80.848175
10192,66.5974
10193,75.67876
10194,107.68192
10195,214.76276
10196,38.70498
10197,71.33972
10198,57.213417
10199,49.52057
10200,31.591656
10201,90.90213
10202,133.20473
10203,25.852287
10204,100.63031
10205,179.80896
10206,72.63806
10207,115.23483
10208,123.14416
10209,36.768944
10210,120.48595
10211,34.103836
10212,183.58293
10213,22.560434
10214,14.44922
10215,99.968895
10216,158.98328
10217,91.92619
10218,60.89292
10219,16.680641
10220,47.655735
10221,73.142654
10222,161.34447
10223,28.97607
10224,160.3467
10225,137.82837
10226,136.00365
10227,29.565506
10228,65.243195
10229,33.234043
10230,148.37932
10231,26.95975
10232,200.30623
10233,33.836124
10234,71.049355
10235,12.635685
10236,100.451035
10237,47.988895
10238,23.189352
10239,48.752647
10240,40.704678
10241,137.56128
10242,10.553455
10243,16.904871
10244,49.510994
10245,24.211214
10246,71.98156
10247,38.384014
10248,177.4359
10249,17.547802
10250,13.488833
10251,70.01348
10252,154.28526
10253,120.610756
10254,55.450134
10255,149.15858
10256,200.50633
10257,93.76895
10258,126.992516
10259,127.20364
10260,67.77483
10261,171.29817
10262,102.25716
10263,150.58879
10264,15.621588
10265,106.805695
10266,81.872536
10267,107.730446
10268,158.89302
10269,12.653113
10270,193.56787
10271,183.76518
10272,58.18525
10273,254.70938
10274,61.0777
10275,57.01673
10276,71.93362
10277,145.24666
10278,131.72449
10279,33.71354
10280,107.00745
10281,72.36984
10282,183.15283
10283,75.37002
10284,20.515776
10285,124.93625
10286,29.954157
10287,19.995745
10288,18.150883
10289,78.62962
10290,35.48058
10291,92.369736
10292,43.86795
10293,145.8068
10294,196.0683
10295,110.444
10296,42.065655
10297,174.06508
10298,182.71768
10299,17.286503
10300,53.08353
10301,5.4085307
10302,56.48996
10303,16.601091
10304,37.978046
10305,114.852455
10306,74.11354
10307,9.16033
10308,15.468823
10309,126.56832
10310,115.824974
10311,3.6618063
10312,2.4735253
10313,171.21416
10314,25.028187
10315,150.46175
10316,47.664673
10317,112.21535
10318,55.843708
10319,51.702187
10320,90.41741
10321,130.80244
10322,79.783966
10323,14.885339
10324,138.08923
10325,60.607307
10326,30.947315
10327,21.154234
10328,49.751846
10329,220.64919
10330,225.7746
10331,66.61015
10332,10.558509
10333,100.81693
10334,61.849003
10335,105.63933
10336,70.891495
10337,60.62218
10338,205.80127
10339,19.323187
10340,37.31554
10341,3.6644714
10342,19.094267
10343,179.48257
10344,8.4395275
10345,22.906271
10346,19.10923
10347,59.129723
10348,162.55246
10349,51.51544
10350,250.3388
10351,203.50417
10352,168.79614
10353,87.00069
10354,72.99841
10355,98.78049
10356,165.96045
10357,147.15099
10358,155.68124
10359,199.01547
10360,164.92241
10361,79.923584
10362,37.08238
10363,80.88737
10364,83.30632
10365,198.66893
10366,121.02299
10367,85.26462
10368,207.45143
10369,166.6225
10370,126.36733
10371,10.560739
10372,127.17583
10373,157.35924
10374,23.509117
10375,41.11235
10376,156.44623
10377,110.66051
10378,20.75229
10379,46.227173
10380,91.50059
10381,145.55504
10382,173.81569
10383,171.21487
10384,147.14088
10385,148.18166
10386,46.13052
10387,54.411167
10388,110.72814
10389,145.98434
10390,50.803726
10391,122.98426
10392,80.72885
10393,74.49159
10394,132.04427
10395,59.379017
10396,104.726845
10397,132.76555
10398,46.802437
10399,107.649376
10400,29.646896
10401,145.22047
10402,90.600975
10403,181.3238
10404,43.866806
10405,46.336967
10406,28.817387
10407,124.91131
10408,118.545586
10409,138.54276
10410,30.300495
10411,99.70066
10412,108.11478
10413,114.84646
10414,116.108444
10415,172.35332
10416,100.437805
10417,10.96115
10418,139.90053
10419,39.778004
10420,120.580376
10421,118.05832
10422,37.514347
10423,117.08629
10424,71.47993
10425,10.476846
10426,57.236237
10427,13.722221
10428,55.27665
10429,89.490135
10430,77.94042
10431,156.07608
10432,60.85519
10433,86.582146
10434,104.885025
10435,77.789085
10436,92.39852
10437,191.02383
10438,220.34877
10439,13.110962
10440,12.370411
10441,131.84863
10442,141.835
10443,58.099323
10444,119.44822
10445,73.56408
10446,14.590303
10447,213.09277
10448,16.974957
10449,99.81827
10450,37.759743
10451,145.33879
10452,211.69504
10453,76.98474
10454,104.811775
10455,32.198177
10456,118.84493
10457,155.01134
10458,149.88719
10459,144.79051
10460,145.42572
10461,29.750538
10462,79.31221
10463,49.321384
10464,18.979742
10465,63.083015
10466,3.7179587
10467,107.36188
10468,28.732708
10469,173.25496
10470,102.056145
10471,59.47824
10472,145.89449
10473,8.438708
10474,94.66722
10475,27.213646
10476,193.819
10477,111.07031
10478,29.08603
10479,62.3876
10480,166.2465
10481,113.673744
10482,50.54037
10483,33.96852
10484,133.00182
10485,173.91855
10486,80.77861
10487,56.88394
10488,6.87055
10489,35.079082
10490,131.36627
10491,142.1364
10492,85.73355
10493,7.2199545
10494,62.960194
10495,7.377695
10496,39.06339
10497,218.58313
10498,171.10782
10499,193.03621
10500,109.2624
10501,11.112082
10502,237.71402
10503,39.901783
10504,66.37515
10505,2.8970253
10506,192.32698
10507,78.301796
10508,65.30358
10509,150.89046
10510,120.86873
10511,167.89919
10512,120.93739
10513,31.935959
10514,76.605804
10515,19.756142
10516,43.298935
10517,35.59434
10518,139.89851
10519,83.36423
10520,100.25191
10521,44.030968
10522,70.55454
10523,57.19888
10524,172.85667
10525,241.78792
10526,16.393223
10527,6.138737
10528,42.69611
10529,42.060524
10530,24.749512
10531,19.556011
10532,115.15565
10533,151.54942
10534,89.096695
10535,45.782757
10536,73.17807
10537,91.25202
10538,11.384893
10539,49.175255
10540,32.62566
10541,27.11418
10542,70.64344
10543,127.69119
10544,16.309845
10545,140.87386
10546,13.863251
10547,165.21317
10548,101.92411
10549,59.566967
10550,0.790397
10551,85.20455
10552,132.42552
10553,176.38661
10554,24.009144
10555,0.6362165
10556,75.096375
10557,114.89062
10558,56.874657
10559,14.031859
10560,174.70831
10561,84.1459
10562,23.10188
10563,167.3737
10564,37.75203
10565,122.538315
10566,79.660034
10567,94.21551
10568,114.07266
10569,38.038864
10570,32.164276
10571,54.66462
10572,65.65057
10573,38.942913
10574,46.595486
10575,114.089066
10576,108.71152
10577,33.699524
10578,17.680027
10579,167.74063
10580,58.222893
10581,58.979362
10582,120.23219
10583,180.49834
10584,101.57014
10585,34.383274
10586,2.6662288
10587,73.383934
10588,112.52886
10589,103.41895
10590,77.812195
10591,63.99356
10592,105.27683
10593,207.97711
10594,137.77202
10595,13.633532
10596,117.65288
10597,61.712845
10598,116.839325
10599,33.00953
10600,200.36565
10601,50.398315
10602,147.34438
10603,122.03665
10604,149.77702
10605,89.56622
10606,89.24913
10607,170.98572
10608,91.661476
10609,175.04265
10610,222.69977
10611,187.28618
10612,248.27426
10613,93.52787
10614,34.03742
10615,159.60432
10616,105.05708
10617,79.71467
10618,11.61209
10619,26.202509
10620,18.185274
10621,219.3504
10622,118.63485
10623,151.2703
10624,35.410885
10625,146.8361
10626,75.77318
10627,69.49554
10628,64.609
10629,121.59335
10630,128.97163
10631,102.05766
10632,94.40266
10633,182.25983
10634,177.55984
10635,7.367949
10636,184.63405
10637,25.8074
10638,249.89642
10639,206.701
10640,191.84854
10641,64.79621
10642,36.40081
10643,91.00781
10644,143.69855
10645,106.26852
10646,124.652626
10647,2.7907963
10648,12.53465
10649,178.06694
10650,36.8305
10651,113.72942
10652,3.6688545
10653,181.09084
10654,10.535868
10655,105.31825
10656,205.64705
10657,153.33736
10658,44.449448
10659,17.094818
10660,185.05473
10661,182.10585
10662,31.712961
10663,48.207672
10664,204.42183
10665,36.11082
10666,79.134544
10667,89.879105
10668,21.576412
10669,38.021095
10670,168.91191
10671,17.207
10672,36.095154
10673,54.047707
10674,7.3508363
10675,110.40082
10676,21.730968
10677,57.869827
10678,41.67043
10679,73.479256
10680,9.028594
10681,12.051139
10682,138.76683
10683,114.18835
10684,204.7743
10685,104.94055
10686,46.85811
10687,44.567955
10688,20.637394
10689,139.48373
10690,30.883074
10691,18.548517
10692,67.529175
10693,58.8193
10694,24.867489
10695,17.789492
10696,29.99702
10697,121.17918
10698,14.390794
10699,93.899826
10700,191.01599
10701,103.470146
10702,115.7814
10703,112.78117
10704,13.176079
10705,21.101543
10706,11.007452
10707,166.26387
10708,27.751194
10709,21.35592
10710,71.2165
10711,37.940147
10712,152.80388
10713,189.39166
10714,38.061787
10715,208.38556
10716,139.7856
10717,190.88971
10718,168.15672
10719,48.208862
10720,71.898994
10721,24.534271
10722,59.471462
10723,26.98091
10724,173.00842
10725,28.160137
10726,7.768534
10727,54.476955
10728,85.49507
10729,9.214182
10730,188.061
10731,154.07762
10732,130.11983
10733,53.32045
10734,114.44163
10735,81.59189
10736,103.19266
10737,14.229957
10738,268.53036
10739,86.41594
10740,205.1755
10741,114.52337
10742,5.7826595
10743,66.64895
10744,168.81325
10745,112.80492
10746,29.935127
10747,151.3596
10748,70.58585
10749,25.771643
10750,2.7511039
10751,80.545235
10752,18.80043
10753,30.813086
10754,177.21487
10755,171.97354
10756,42.59216
10757,81.06569
10758,34.576275
10759,23.967943
10760,41.468536
10761,103.29648
10762,28.375051
10763,4.21863
10764,37.98329
10765,60.013824
10766,157.35304
10767,92.12563
10768,4.896205
10769,8.38466
10770,59.686443
10771,71.0589
10772,61.731644
10773,117.15716
10774,149.37701
10775,85.95632
10776,67.78295
10777,30.7177
10778,54.387283
10779,62.924088
10780,78.16726
10781,29.252321
10782,62.786762
10783,61.7347
10784,68.07908
10785,94.91954
10786,25.092833
10787,132.69437
10788,9.26722
10789,68.76145
10790,7.1692367
10791,4.552252
10792,108.91545
10793,78.66531
10794,129.33995
10795,183.39899
10796,6.209893
10797,129.10326
10798,26.196146
10799,92.12534
10800,186.83331
10801,48.702538
10802,106.49722
10803,37.950428
10804,210.65013
10805,176.50829
10806,41.768112
10807,140.70854
10808,173.5509
10809,137.47064
10810,34.49024
10811,52.471928
10812,186.56544
10813,88.34874
10814,6.8624406
10815,6.5885153
10816,16.36226
10817,48.08649
10818,32.98908
10819,56.00515
10820,9.513221
10821,27.787992
10822,91.02165
10823,35.80951
10824,131.66972
10825,12.41026
10826,32.488056
10827,13.928539
10828,125.43803
10829,11.379208
10830,126.60333
10831,50.321632
10832,217.13115
10833,118.5113
10834,234.75424
10835,131.06877
10836,5.665497
10837,213.42076
10838,108.171326
10839,187.85712
10840,117.5321
10841,47.711006
10842,8.946484
10843,57.556305
10844,35.63241
10845,95.01833
10846,26.030273
10847,55.15594
10848,220.01767
10849,12.237649
10850,77.907455
10851,145.52882
10852,84.66051
10853,81.40588
10854,51.886242
10855,132.58133
10856,177.12238
10857,207.2939
10858,59.362823
10859,190.36499
10860,161.91252
10861,40.549194
10862,13.898605
10863,61.67792
10864,150.14062
10865,63.777122
10866,101.65433
10867,10.796958
10868,133.38065
10869,111.9121
10870,143.63905
10871,61.421806
10872,12.378529
10873,192.66501
10874,145.44841
10875,170.59724
10876,30.87527
10877,129.83778
10878,11.370502
10879,181.70564
10880,30.389263
10881,39.23272
10882,57.436928
10883,149.94383
10884,246.63152
10885,125.91786
10886,4.997326
10887,80.72868
10888,41.34921
10889,32.210274
10890,105.40541
10891,143.58575
10892,74.496
10893,29.799362
10894,196.68018
10895,47.26769
10896,41.1161
10897,-0.38807803
10898,51.385487
10899,110.80184
10900,16.089771
10901,24.7001
10902,43.18893
10903,25.387852
10904,43.907627
10905,54.567554
10906,143.64299
10907,88.813545
10908,19.85144
10909,147.45868
10910,70.61293
10911,3.5055687
10912,11.01225
10913,69.034195
10914,34.14338
10915,9.705269
10916,61.047127
10917,135.36954
10918,40.72722
10919,10.795302
10920,16.459642
10921,91.102234
10922,128.73528
10923,127.04447
10924,123.43593
10925,54.08561
10926,11.050075
10927,234.3689
10928,153.3993
10929,13.085998
10930,36.79457
10931,32.463734
10932,133.04881
10933,9.468821
10934,181.6797
10935,137.3763
10936,63.53229
10937,20.875435
10938,139.85617
10939,6.250889
10940,152.06387
10941,58.722218
10942,113.31828
10943,105.348755
10944,24.104172
10945,32.21283
10946,182.65085
10947,20.037334
10948,147.17932
10949,163.34679
10950,70.07822
10951,98.59613
10952,16.351044
10953,25.513956
10954,77.81162
10955,98.80356
10956,29.177254
10957,61.661724
10958,249.9324
10959,5.187371
10960,78.11073
10961,190.26373
10962,127.77435
10963,14.29214
10964,169.76515
10965,63.183887
10966,41.36883
10967,22.58555
10968,227.55827
10969,7.809275
10970,171.41667
10971,130.74925
10972,28.960434
10973,62.904465
10974,32.953213
10975,100.17789
10976,42.073185
10977,143.4214
10978,188.19466
10979,27.477713
10980,39.987022
10981,105.139206
10982,62.546772
10983,101.894135
10984,117.19638
10985,215.15363
10986,42.280907
10987,74.72898
10988,3.2102551
10989,102.97861
10990,120.57529
10991,102.29208
10992,70.608025
10993,6.999731
10994,10.097385
10995,70.897224
10996,228.40353
10997,82.40711
10998,31.511803
10999,188.87857
11000,257.20303
11001,110.59834
11002,125.791824
11003,89.95039
11004,109.90346
11005,141.92294
11006,30.578032
11007,19.906517
11008,255.14781
11009,23.866817
11010,29.952444
11011,13.314236
11012,10.194108
11013,62.48125
11014,48.459946
11015,109.99475
11016,8.6310835
11017,31.468647
11018,181.44386
11019,130.9182
11020,117.62155
11021,116.336
11022,96.44278
11023,166.86703
11024,50.49764
11025,25.773565
11026,22.298658
11027,178.60641
11028,54.518444
11029,167.63866
11030,5.119125
11031,8.938161
11032,50.07116
11033,93.65684
11034,209.0081
11035,167.2955
11036,122.591515
11037,65.46088
11038,6.0340524
11039,8.026215
11040,26.611126
11041,62.203083
11042,80.728775
11043,74.83874
11044,121.80305
11045,5.960201
11046,162.01239
11047,105.20923
11048,178.17972
11049,34.97975
11050,73.567
11051,5.526885
11052,102.83795
11053,242.4393
11054,145.07324
11055,222.12857
11056,67.34665
11057,13.463944
11058,154.1285
11059,108.638885
11060,17.474884
11061,65.42603
11062,75.61279
11063,89.4313
11064,161.09544
11065,32.48437
11066,65.48982
11067,18.190786
11068,119.06938
11069,41.588135
11070,107.538055
11071,13.783213
11072,181.83101
11073,124.34306
11074,157.19437
11075,86.7763
11076,84.97757
11077,40.761883
11078,26.293427
11079,13.436493
11080,65.013535
11081,77.53425
11082,176.2795
11083,45.89613
11084,27.704752
11085,168.24849
11086,13.315144
11087,183.52167
11088,20.985285
11089,86.49133
11090,7.811571
11091,92.39987
11092,79.270485
11093,142.71797
11094,21.650871
11095,51.111217
11096,64.85786
11097,31.943573
11098,95.38702
11099,73.9036
11100,89.730156
11101,101.02183
11102,45.653324
11103,190.85706
11104,115.2028
11105,107.189064
11106,36.21498
11107,114.12104
11108,69.3533
11109,95.715355
11110,176.37901
11111,41.127407
11112,59.64628
11113,51.165123
11114,82.98737
11115,65.92778
11116,31.206001
11117,23.171034
11118,110.93661
11119,9.057655
11120,156.22601
11121,76.19176
11122,103.66295
11123,33.842922
11124,182.73953
11125,90.51997
11126,126.917694
11127,132.18604
11128,12.193815
11129,50.578148
11130,25.07229
11131,181.74562
11132,88.65532
11133,168.84615
11134,35.142735
11135,2.440352
11136,18.044838
11137,2.0234673
11138,170.42802
11139,35.20024
11140,69.764435
11141,52.307716
11142,52.25574
11143,130.46623
11144,15.758584
11145,61.153492
11146,25.21828
11147,109.938934
11148,112.28082
11149,29.250422
11150,146.26865
11151,95.0141
11152,28.537071
11153,100.97056
11154,43.36444
11155,114.87456
11156,98.08301
11157,59.188786
11158,37.311146
11159,103.27204
11160,3.886645
11161,13.001018
11162,129.42418
11163,21.933334
11164,13.630713
11165,231.1596
11166,78.0435
11167,30.077051
11168,94.746765
11169,227.56612
11170,48.70748
11171,35.319935
11172,14.070267
11173,1.3911382
11174,3.9560957
11175,87.540825
11176,74.35312
11177,184.49554
11178,62.41892
11179,0.7825544
11180,23.89815
11181,202.22723
11182,134.01527
11183,3.73321
11184,107.16148
11185,68.26532
11186,143.02553
11187,75.3261
11188,222.92844
11189,4.79434
11190,14.834321
11191,32.754227
11192,5.31869
11193,145.0311
11194,146.53625
11195,41.01994
11196,119.136
11197,18.87928
11198,130.06279
11199,97.14259
11200,19.591318
11201,167.48476
11202,91.01569
11203,208.75517
11204,180.40996
11205,138.45146
11206,80.48131
11207,170.59546
11208,111.63611
11209,1.5914793
11210,9.873561
11211,87.98971
11212,39.114803
11213,98.71938
11214,143.18391
11215,60.832096
11216,98.69873
11217,210.41843
11218,57.459915
11219,164.76825
11220,167.85606
11221,9.379763
11222,73.1317
11223,88.929596
11224,70.39101
11225,136.32161
11226,13.577429
11227,26.861706
11228,68.79741
11229,107.92532
11230,60.003506
11231,113.57015
11232,205.41034
11233,11.869364
11234,45.117207
11235,78.2973
11236,180.51248
11237,54.689392
11238,31.628134
11239,5.571421
11240,90.76526
11241,148.2757
11242,10.038526
11243,104.299805
11244,150.0743
11245,25.657778
11246,130.28687
11247,69.57166
11248,7.684592
11249,44.885082
11250,63.540962
11251,104.651054
11252,6.231732
11253,12.641924
11254,25.71919
11255,20.0956
11256,183.98624
11257,120.035515
11258,153.10162
11259,150.63152
11260,33.76029
11261,126.676094
11262,146.86855
11263,219.15376
11264,199.04645
11265,9.428791
11266,54.76358
11267,92.834625
11268,167.53703
11269,104.09353
11270,54.63081
11271,6.962731
11272,95.95897
11273,73.46413
11274,114.739555
11275,167.08253
11276,122.13834
11277,15.823804
11278,98.17735
11279,183.36906
11280,69.58231
11281,145.4587
11282,82.869865
11283,158.60966
11284,64.298065
11285,82.42342
11286,58.445198
11287,131.4934
11288,91.327614
11289,19.374434
11290,163.98563
11291,183.62202
11292,63.347103
11293,21.237396
11294,144.53853
11295,200.39328
11296,12.42695
11297,1.9222375
11298,61.89533
11299,35.675602
11300,146.98111
11301,237.28638
11302,20.97736
11303,4.2913923
11304,26.751108
11305,16.75996
11306,124.007805
11307,94.9419
11308,3.0147276
11309,116.41443
11310,3.9839835
11311,180.78017
11312,61.034054
11313,24.114822
11314,32.8061
11315,7.802545
11316,100.394485
11317,2.977015
11318,54.710583
11319,95.24008
11320,82.27109
11321,10.237149
11322,167.08983
11323,129.93312
11324,134.2238
11325,29.644701
11326,65.48289
11327,71.45668
11328,111.057014
11329,62.049923
11330,33.24718
11331,46.28479
11332,110.713
11333,68.3162
11334,67.91921
11335,216.66985
11336,83.12938
11337,7.7116766
11338,170.40005
11339,185.52248
11340,12.106416
11341,113.24312
11342,66.05389
11343,223.05891
11344,82.23983
11345,59.98178
11346,19.9532
11347,69.0091
11348,72.54059
11349,172.83733
11350,24.595787
11351,69.841896
11352,100.33846
11353,46.771595
11354,107.17399
11355,70.97809
11356,6.0370464
11357,19.743206
11358,131.6381
11359,58.46271
11360,24.723137
11361,175.31265
11362,20.947493
11363,22.128551
11364,153.15701
11365,18.307163
11366,11.93235
11367,153.58293
11368,89.15158
11369,104.79267
11370,84.20473
11371,188.36212
11372,25.052708
11373,68.78286
11374,34.682636
11375,68.828285
11376,136.66826
11377,170.05057
11378,38.751503
11379,121.00421
11380,8.083125
11381,166.46582
11382,175.29112
11383,25.706156
11384,263.0118
11385,35.28379
11386,29.549088
11387,155.12685
11388,9.033034
11389,38.10585
11390,65.73798
11391,86.158554
11392,75.726
11393,152.3674
11394,11.463524
11395,5.264051
11396,190.71448
11397,107.50231
11398,24.520897
11399,11.791319
11400,94.39036
11401,38.938606
11402,183.27007
11403,230.19234
11404,91.254005
11405,170.70293
11406,55.211475
11407,36.53858
11408,12.865186
11409,8.30201
11410,103.34384
11411,201.4811
11412,170.4463
11413,42.137253
11414,4.637845
11415,134.75798
11416,97.53488
11417,128.8344
11418,142.47604
11419,163.25934
11420,39.850315
11421,58.358295
11422,24.207928
11423,23.181316
11424,195.76917
11425,5.0863833
11426,187.49937
11427,108.9682
11428,59.58387
11429,5.882012
11430,128.75305
11431,95.92504
11432,177.16455
11433,3.27803
11434,233.52307
11435,33.92769
11436,18.360552
11437,58.23061
11438,191.64525
11439,159.22536
11440,26.400568
11441,198.29623
11442,21.554583
11443,77.21765
11444,7.3253446
11445,18.937088
11446,187.38484
11447,108.52802
11448,175.39352
11449,22.479622
11450,65.968475
11451,183.22437
11452,168.46907
11453,123.23582
11454,71.03551
11455,136.31813
11456,219.11964
11457,30.118572
11458,102.35184
11459,51.583225
11460,36.39029
11461,71.01103
11462,116.37337
11463,97.13864
11464,163.67068
11465,6.5089145
11466,174.94943
11467,140.93797
11468,57.290398
11469,108.16186
11470,8.157326
11471,6.8798485
11472,6.4138603
11473,121.47039
11474,96.934166
11475,31.486784
11476,219.61429
11477,54.78195
11478,26.440884
11479,3.8915262
11480,34.209946
11481,39.75515
11482,42.291416
11483,52.759422
11484,159.41447
11485,4.698621
11486,167.55846
11487,73.57898
11488,36.390255
11489,65.38407
11490,147.23056
11491,27.401384
11492,216.53633
11493,8.05505
11494,7.8868284
11495,116.87658
11496,60.794
11497,140.89905
11498,26.57351
11499,157.13544
11500,50.674793
11501,72.85782
11502,80.49282
11503,60.472416
11504,25.94984
11505,106.521545
11506,174.15195
11507,75.13846
11508,200.15283
11509,163.22249
11510,58.30492
11511,61.150494
11512,14.721816
11513,3.929549
11514,190.89932
11515,142.14761
11516,153.44794
11517,4.3754883
11518,164.54564
11519,249.90251
11520,2.5195518
11521,45.544754
11522,133.69212
11523,64.77469
11524,181.02536
11525,139.72037
11526,110.88274
11527,157.26283
11528,21.212345
11529,2.0333014
11530,57.233227
11531,158.10658
11532,153.34517
11533,3.4822996
11534,200.54391
11535,180.09999
11536,64.65048
11537,80.71295
11538,108.85898
11539,99.573296
11540,114.105774
11541,74.4566
11542,39.76127
11543,12.898863
11544,7.782852
11545,38.719723
11546,31.435171
11547,32.787434
11548,77.13763
11549,87.140114
11550,26.635265
11551,69.84968
11552,52.003742
11553,230.0162
11554,38.22819
11555,151.76695
11556,192.8978
11557,129.42513
11558,7.1250997
11559,50.21342
11560,130.48611
11561,97.63979
11562,21.81959
11563,126.43535
11564,3.6128078
11565,106.87918
11566,148.22014
11567,77.43494
11568,86.4386
11569,152.54663
11570,120.31116
11571,27.916758
11572,112.94664
11573,183.00508
11574,215.44392
11575,35.865513
11576,24.562431
11577,199.10638
11578,21.455244
11579,223.2724
11580,120.397125
11581,21.34958
11582,112.33308
11583,25.225883
11584,150.84663
11585,138.02432
11586,109.89098
11587,90.05284
11588,65.78747
11589,156.52322
11590,48.408356
11591,27.551666
11592,156.41727
11593,150.92105
11594,10.533578
11595,105.09464
11596,161.37918
11597,142.54692
11598,18.742464
11599,6.5950875
11600,162.71307
11601,31.063643
11602,151.31895
11603,65.31792
11604,59.10481
11605,58.100643
11606,61.475227
11607,44.137413
11608,58.06096
11609,23.280312
11610,197.79164
11611,115.6324
11612,129.27849
11613,94.45751
11614,112.81354
11615,70.81314
11616,154.32933
11617,18.038074
11618,97.24553
11619,30.52557
11620,179.11125
11621,88.661156
11622,20.170033
11623,22.290096
11624,14.083411
11625,21.564756
11626,34.95464
11627,111.363945
11628,137.98561
11629,138.01068
11630,192.53677
11631,127.97216
11632,169.63495
11633,183.83937
11634,159.26152
11635,111.66222
11636,74.72433
11637,150.85406
11638,85.01347
11639,48.14804
11640,39.41006
11641,10.170509
11642,82.39185
11643,60.436245
11644,109.075096
11645,3.6492112
11646,13.691588
11647,99.51375
11648,86.95578
11649,62.01584
11650,60.970337
11651,169.94678
11652,170.95099
11653,103.708534
11654,34.586067
11655,65.39562
11656,60.6598
11657,44.10748
11658,8.237931
11659,201.81369
11660,76.130226
11661,77.59835
11662,167.38402
11663,65.38132
11664,223.42947
11665,24.462975
11666,23.628103
11667,157.19742
11668,112.09075
11669,60.877613
11670,159.61356
11671,54.02401
11672,83.50799
11673,29.290712
11674,35.1292
11675,43.732246
11676,111.43231
11677,137.9223
11678,65.40684
11679,81.7923
11680,6.6083274
11681,101.562645
11682,157.08995
11683,123.94501
11684,170.57732
11685,31.485365
11686,115.02534
11687,146.83144
11688,209.49396
11689,224.63777
11690,16.62838
11691,24.191956
11692,173.91357
11693,123.06344
11694,25.087414
11695,202.92145
11696,21.22664
11697,36.39063
11698,62.44388
11699,52.122734
11700,29.281332
11701,126.19985
11702,10.53931
11703,10.123747
11704,222.90224
11705,48.655025
11706,185.48064
11707,95.919266
11708,36.789963
11709,96.00587
11710,191.90248
11711,114.90584
11712,141.0176
11713,65.43441
11714,75.13203
11715,209.88586
11716,16.0606
11717,63.076374
11718,20.723148
11719,105.05721
11720,17.607214
11721,63.9033
11722,4.634759
11723,30.674566
11724,134.32536
11725,91.19107
11726,16.616089
11727,227.12688
11728,43.915333
11729,23.92523
11730,74.784706
11731,145.6413
11732,21.305876
11733,95.97246
11734,160.31398
11735,171.93774
11736,188.3494
11737,54.108757
11738,82.37614
11739,3.437423
11740,21.64172
11741,76.33937
11742,33.80744
11743,172.48183
11744,131.65971
11745,159.01546
11746,111.35996
11747,58.696075
11748,92.030624
11749,150.55823
11750,9.777475
11751,37.144547
11752,185.81702
11753,56.193913
11754,29.735355
11755,27.942793
11756,105.58811
11757,113.51848
11758,211.46484
11759,108.10792
11760,115.28795
11761,51.03662
11762,13.454264
11763,3.9486468
11764,252.89435
11765,86.48281
11766,167.60606
11767,115.05779
11768,150.67809
11769,23.925814
11770,115.59218
11771,130.00847
11772,25.532505
11773,77.848114
11774,208.70569
11775,115.80761
11776,12.300858
11777,88.95805
11778,142.14742
11779,37.85838
11780,64.20952
11781,186.1461
11782,169.68643
11783,105.19429
11784,63.69883
11785,89.68396
11786,29.753326
11787,30.366379
11788,204.38283
11789,142.96295
11790,111.080444
11791,95.09499
11792,136.9664
11793,155.05408
11794,107.55287
11795,16.647131
11796,172.97867
11797,100.16123
11798,35.32735
11799,9.31406
11800,118.98909
11801,143.66203
11802,185.5868
11803,204.47572
11804,65.05981
11805,47.390495
11806,66.28613
11807,178.093
11808,181.0306
11809,24.24196
11810,90.52126
11811,21.282888
11812,109.74765
11813,199.52798
11814,48.33188
11815,102.97328
11816,11.412577
11817,95.327095
11818,117.71801
11819,40.82045
11820,38.788036
11821,17.310589
11822,17.085064
11823,56.449883
11824,179.14293
11825,107.614334
11826,27.659697
11827,88.68682
11828,130.43742
11829,18.815329
11830,157.70027
11831,107.20767
11832,77.992035
11833,9.203204
11834,186.47696
11835,172.64835
11836,70.04506
11837,222.14996
11838,122.987
11839,80.21976
11840,71.18501
11841,175.78802
11842,6.4019723
11843,53.94937
11844,164.46909
11845,80.95935
11846,102.23515
11847,198.69913
11848,179.0928
11849,87.07422
11850,64.33042
11851,91.161026
11852,182.78452
11853,48.39446
11854,197.52911
11855,220.09908
11856,93.78697
11857,22.689924
11858,127.73522
11859,80.99029
11860,9.360384
11861,230.21957
11862,67.04719
11863,100.5138
11864,176.54593
11865,29.382294
11866,130.31134
11867,16.901642
11868,50.976284
11869,59.813553
11870,134.73886
11871,44.670666
11872,88.464096
11873,68.40225
11874,85.25432
11875,130.39389
11876,167.56445
11877,4.148661
11878,144.6105
11879,124.74414
11880,62.78177
11881,42.89178
11882,30.479383
11883,111.90701
11884,6.2090154
11885,106.127144
11886,6.9734893
11887,47.176968
11888,115.285576
11889,61.7421
11890,175.51112
11891,5.62683
11892,20.843393
11893,135.61034
11894,42.707455
11895,20.78972
11896,153.11624
11897,22.222647
11898,112.87938
11899,54.89363
11900,53.883224
11901,42.463688
11902,21.792528
11903,107.38943
11904,249.49727
11905,149.19484
11906,38.144352
11907,159.1189
11908,167.66832
11909,128.62413
11910,183.51752
11911,49.227222
11912,183.60797
11913,133.65134
11914,217.76167
11915,166.53941
11916,8.97746
11917,37.279476
11918,119.29701
11919,23.918976
11920,190.77426
11921,137.74477
11922,162.50256
11923,26.624405
11924,207.59
11925,63.08101
11926,95.36311
11927,92.20238
11928,95.73076
11929,87.04851
11930,255.36069
11931,74.77399
11932,17.66691
11933,167.60123
11934,13.3956785
11935,47.754696
11936,109.40382
11937,18.633717
11938,114.97416
11939,27.15688
11940,134.87373
11941,160.35867
11942,33.103073
11943,44.49337
11944,73.77891
11945,61.17773
11946,117.13614
11947,119.61532
11948,86.259674
11949,132.74104
11950,25.313776
11951,234.27954
11952,84.18122
11953,25.490442
11954,55.23126
11955,198.54114
11956,18.929586
11957,37.503826
11958,7.331974
11959,17.259531
11960,42.401005
11961,152.32329
11962,148.4683
11963,103.06204
11964,83.52854
11965,161.68196
11966,143.14973
11967,11.232769
11968,145.3619
11969,152.9952
11970,55.24635
11971,52.90267
11972,29.182337
11973,184.79245
11974,136.59229
11975,39.28749
11976,60.957672
11977,130.74341
11978,19.985374
11979,187.86226
11980,78.34427
11981,10.292787
11982,70.430214
11983,80.368935
11984,180.13776
11985,113.658844
11986,205.40492
11987,57.30013
11988,24.374487
11989,233.37453
11990,75.88718
11991,7.5481906
11992,109.39802
11993,112.30738
11994,36.13062
11995,74.12475
11996,19.191904
11997,180.20222
11998,39.19267
11999,103.4812
12000,17.997656
12001,54.472626
12002,99.771904
12003,167.7793
12004,171.88808
12005,5.7476377
12006,116.05684
12007,4.1965213
12008,132.7646
12009,215.50124
12010,24.075113
12011,109.787834
12012,148.00575
12013,28.757174
12014,47.621166
12015,64.167076
12016,40.98375
12017,10.017755
12018,7.4498324
12019,87.2767
12020,66.69166
12021,19.670755
12022,69.79585
12023,140.90352
12024,148.81607
12025,42.70835
12026,20.240211
12027,123.72755
12028,63.508247
12029,50.578148
12030,60.51888
12031,63.05562
12032,2.2547915
12033,36.977943
12034,110.35212
12035,132.48012
12036,75.40422
12037,176.52565
12038,126.33484
12039,59.04099
12040,115.28239
12041,84.20052
12042,177.9519
12043,114.00029
12044,142.60344
12045,191.76657
12046,102.56063
12047,12.979562
12048,145.20146
12049,87.211296
12050,36.161003
12051,86.536026
12052,181.96628
12053,8.058941
12054,18.311043
12055,65.27434
12056,49.281406
12057,147.57683
12058,45.90122
12059,133.53918
12060,100.43447
12061,76.89136
12062,198.32484
12063,40.61828
12064,36.9128
12065,15.101206
12066,19.316826
12067,31.580206
12068,78.2435
12069,209.34439
12070,31.957806
12071,30.409874
12072,49.43148
12073,133.38022
12074,147.3897
12075,91.7073
12076,142.72488
12077,70.64868
12078,109.46447
12079,86.333694
12080,130.0045
12081,95.67536
12082,106.63297
12083,128.3598
12084,140.41699
12085,22.94963
12086,104.6816
12087,74.91174
12088,103.903625
12089,53.70466
12090,71.343544
12091,45.124718
12092,69.582924
12093,86.266045
12094,70.37515
12095,56.59168
12096,13.980463
12097,13.15761
12098,33.196976
12099,225.30153
12100,184.03572
12101,52.63801
12102,55.371365
12103,98.19886
12104,3.5701177
12105,9.302155
12106,54.83161
12107,206.4423
12108,60.364994
12109,58.178753
12110,27.011972
12111,82.703
12112,37.6683
12113,173.9843
12114,117.207886
12115,17.232248
12116,12.761834
12117,125.44883
12118,157.15547
12119,43.857407
12120,11.222946
12121,39.22818
12122,79.81638
12123,4.897685
12124,93.2298
12125,59.198647
12126,75.454384
12127,86.76497
12128,109.93785
12129,40.889893
12130,28.80384
12131,49.475346
12132,20.774477
12133,80.055664
12134,73.56836
12135,176.5402
12136,31.527536
12137,114.07017
12138,15.04707
12139,196.53015
12140,26.242891
12141,73.00222
12142,59.154484
12143,183.67429
12144,72.95003
12145,102.47429
12146,25.18106
12147,27.545826
12148,40.513382
12149,119.19707
12150,14.432704
12151,24.154272
12152,47.32679
12153,36.244545
12154,16.648645
12155,61.42091
12156,34.150677
12157,158.84494
12158,86.93731
12159,167.5069
12160,103.219635
12161,17.581945
12162,159.88799
12163,61.69287
12164,2.8251183
12165,66.324715
12166,45.391693
12167,21.511154
12168,44.500237
12169,61.81215
12170,18.01341
12171,104.95106
12172,65.68714
12173,116.17836
12174,80.372505
12175,100.73868
12176,155.7683
12177,52.96401
12178,218.50945
12179,68.25907
12180,10.587061
12181,146.34183
12182,152.63222
12183,124.77707
12184,48.79585
12185,46.920765
12186,3.9622304
12187,2.2132075
12188,34.184807
12189,26.512506
12190,27.769726
12191,181.27684
12192,133.32701
12193,38.562256
12194,197.98605
12195,156.30008
12196,165.08916
12197,237.47255
12198,67.36141
12199,215.63005
12200,220.23688
12201,35.951363
12202,70.987816
12203,107.90204
12204,112.86594
12205,5.238942
12206,148.31934
12207,156.24527
12208,81.50393
12209,74.025314
12210,88.10863
12211,20.89075
12212,141.84564
12213,206.46867
12214,187.9219
12215,49.025276
12216,7.7532516
12217,163.054
12218,141.69917
12219,127.0016
12220,84.931496
12221,80.97695
12222,57.834656
12223,225.80444
12224,16.944122
12225,6.63859
12226,71.12753
12227,34.726727
12228,19.96735
12229,36.81006
12230,107.39298
12231,84.72116
12232,22.81607
12233,60.451637
12234,94.92599
12235,75.29254
12236,185.6451
12237,6.992358
12238,62.593224
12239,58.248154
12240,27.205185
12241,43.329853
12242,41.00932
12243,81.14922
12244,154.98944
12245,25.841768
12246,29.684422
12247,194.37274
12248,45.498276
12249,5.519192
12250,11.032925
12251,127.133865
12252,63.34162
12253,111.82233
12254,13.089679
12255,80.900475
12256,171.51767
12257,92.60238
12258,54.561195
12259,10.377612
12260,23.955496
12261,104.927414
12262,185.42691
12263,17.925737
12264,96.73515
12265,176.53856
12266,179.5119
12267,200.19228
12268,73.22061
12269,2.46519
12270,29.708677
12271,183.19102
12272,199.46854
12273,238.01532
12274,90.93846
12275,154.14557
12276,137.9084
12277,39.541904
12278,105.55013
12279,39.63692
12280,13.1088705
12281,122.85942
12282,56.13967
12283,116.21106
12284,87.2013
12285,109.182686
12286,45.509644
12287,45.47534
12288,181.29521
12289,127.43263
12290,134.90169
12291,172.0718
12292,166.26714
12293,13.622247
12294,71.033676
12295,5.363166
12296,159.14777
12297,37.254
12298,17.109716
12299,24.2683
12300,138.79726
12301,112.962845
12302,135.36389
12303,52.75896
12304,156.50568
12305,125.41063
12306,52.771137
12307,103.473656
12308,158.04362
12309,76.81564
12310,160.20042
12311,57.921165
12312,38.446964
12313,75.05222
12314,30.69576
12315,184.63112
12316,105.16592
12317,69.45039
12318,39.359776
12319,40.395973
12320,138.85222
12321,136.97688
12322,40.9636
12323,29.737656
12324,106.056526
12325,16.182085
12326,62.236374
12327,71.61617
12328,134.13673
12329,33.01445
12330,165.85893
12331,35.857944
12332,73.04044
12333,12.194322
12334,74.56292
12335,64.38111
12336,20.85222
12337,202.04602
12338,33.490044
12339,44.213177
12340,97.00036
12341,171.84467
12342,21.879007
12343,57.136528
12344,198.52138
12345,201.23523
12346,133.71016
12347,72.8397
12348,44.552063
12349,16.134787
12350,127.724106
12351,178.95888
12352,57.3983
12353,91.088005
12354,91.65165
12355,55.389606
12356,62.12167
12357,59.18589
12358,151.05916
12359,17.093681
12360,125.60448
12361,177.17311
12362,52.12495
12363,3.6307085
12364,71.293755
12365,65.11483
12366,84.12184
12367,11.16736
12368,94.00757
12369,20.203274
12370,18.260405
12371,149.19655
12372,9.31657
12373,130.42604
12374,199.81491
12375,105.811935
12376,30.01458
12377,35.193855
12378,51.72379
12379,49.37685
12380,48.975628
12381,91.33776
12382,181.77985
12383,201.40186
12384,59.792374
12385,48.239853
12386,32.220795
12387,184.23343
12388,184.18845
12389,14.182836
12390,19.34087
12391,144.26094
12392,111.062485
12393,207.7736
12394,39.666393
12395,22.975325
12396,20.824633
12397,57.540348
12398,214.36278
12399,47.052364
12400,178.0752
12401,77.94058
12402,85.28824
12403,74.70873
12404,102.54842
12405,32.705433
12406,113.19346
12407,159.83344
12408,36.117184
12409,138.57773
12410,176.63605
12411,95.55524
12412,9.839399
12413,31.819885
12414,28.017088
12415,32.881165
12416,12.7998295
12417,3.805795
12418,63.032253
12419,131.51154
12420,85.50492
12421,166.03954
12422,109.27589
12423,136.24542
12424,20.73193
12425,109.489395
12426,140.23956
12427,142.08513
12428,44.002674
12429,165.27336
12430,6.4549003
12431,95.87169
12432,96.47019
12433,60.063282
12434,113.188225
12435,111.76442
12436,6.9921737
12437,45.851154
12438,67.76274
12439,196.91049
12440,5.2330976
12441,46.10113
12442,36.77985
12443,161.31055
12444,89.25437
12445,60.454285
12446,88.15803
12447,128.24619
12448,146.4877
12449,59.324253
12450,82.61145
12451,247.47752
12452,78.518585
12453,129.06915
12454,59.468582
12455,61.627724
12456,173.5295
12457,37.55183
12458,7.143309
12459,35.463654
12460,50.78907
12461,13.492317
12462,98.65969
12463,41.6783
12464,27.345211
12465,217.25609
12466,49.85385
12467,9.591092
12468,167.49307
12469,111.31172
12470,66.539536
12471,113.63851
12472,182.27994
12473,74.68726
12474,147.22873
12475,180.8792
12476,13.387632
12477,68.03537
12478,133.19672
12479,81.08239
12480,39.8847
12481,161.51382
12482,6.685677
12483,43.266674
12484,89.92149
12485,96.89913
12486,80.83886
12487,57.753445
12488,126.47936
12489,221.77744
12490,38.377544
12491,31.116016
12492,26.379309
12493,137.97023
12494,28.106188
12495,106.63765
12496,9.211594
12497,73.58561
12498,21.026588
12499,65.52058
12500,106.80549
12501,35.704872
12502,227.62929
12503,216.0621
12504,50.51687
12505,63.18138
12506,116.919876
12507,63.093124
12508,184.30315
12509,101.64619
12510,53.488342
12511,66.58529
12512,34.79253
12513,102.41736
12514,60.281204
12515,95.75815
12516,73.58184
12517,198.40479
12518,36.528667
12519,18.516367
12520,36.638874
12521,191.17747
12522,28.789438
12523,76.46732
12524,58.430702
12525,229.89581
12526,13.934062
12527,154.22961
12528,8.325185
12529,84.40552
12530,72.97977
12531,107.30691
12532,102.89356
12533,26.176786
12534,73.73165
12535,84.76147
12536,195.47495
12537,138.50645
12538,49.928463
12539,67.42435
12540,142.63474
12541,112.78703
12542,107.81587
12543,30.902395
12544,83.35777
12545,44.92693
12546,61.989685
12547,156.12517
12548,8.33656
12549,9.135823
12550,90.372375
12551,17.254137
12552,130.36015
12553,144.88824
12554,69.15792
12555,19.150667
12556,136.18565
12557,63.930714
12558,29.7601
12559,158.26146
12560,14.645456
12561,51.718956
12562,172.37459
12563,43.138035
12564,79.91364
12565,181.48813
12566,231.8047
12567,58.18825
12568,68.31884
12569,4.3553033
12570,75.423134
12571,99.25118
12572,68.43856
12573,43.869255
12574,110.40915
12575,107.995094
12576,33.14749
12577,86.50824
12578,241.7385
12579,15.110599
12580,30.466887
12581,140.56468
12582,34.091496
12583,67.90187
12584,164.67548
12585,5.1840215
12586,36.85422
12587,54.32709
12588,15.630592
12589,200.10805
12590,43.52851
12591,113.02177
12592,2.6316063
12593,34.330185
12594,107.78508
12595,156.58864
12596,95.29249
12597,4.1100087
12598,66.01013
12599,196.42183
12600,28.866879
12601,51.55216
12602,201.13976
12603,135.88179
12604,60.018635
12605,36.779446
12606,186.77621
12607,143.62068
12608,183.64886
12609,130.30988
12610,13.395079
12611,148.42471
12612,66.109634
12613,172.42015
12614,115.06278
12615,200.03722
12616,149.35101
12617,78.29453
12618,122.08866
12619,2.6831713
12620,9.098004
12621,215.97707
12622,154.83696
12623,120.07876
12624,122.717606
12625,81.05407
12626,16.845276
12627,82.29339
12628,128.7182
12629,16.538012
12630,68.53453
12631,9.66243
12632,67.90892
12633,6.1040883
12634,102.22049
12635,24.535162
12636,19.323124
12637,113.68655
12638,81.22217
12639,65.71582
12640,3.9735591
12641,222.49515
12642,144.93163
12643,8.49473
12644,133.5584
12645,134.25035
12646,99.88764
12647,156.8934
12648,60.807407
12649,23.462547
12650,13.03066
12651,36.83232
12652,7.1051607
12653,87.23091
12654,40.079525
12655,151.51067
12656,164.30061
12657,150.73149
12658,46.02466
12659,6.556798
12660,120.27509
12661,6.4543366
12662,37.58881
12663,56.955486
12664,17.063204
12665,147.97124
12666,227.28438
12667,56.035194
12668,49.401703
12669,142.70094
12670,133.31465
12671,46.840115
12672,150.91501
12673,179.2155
12674,89.41203
12675,80.091606
12676,161.9377
12677,109.85319
12678,68.14748
12679,173.07217
12680,188.5256
12681,110.98164
12682,7.79878
12683,100.68812
12684,28.691986
12685,116.240616
12686,28.316723
12687,141.79485
12688,105.238716
12689,201.72656
12690,178.13971
12691,147.99785
12692,54.776775
12693,92.76484
12694,8.847297
12695,24.941807
12696,71.63505
12697,160.12099
12698,105.65289
12699,78.88096
12700,85.26882
12701,115.10054
12702,89.8802
12703,80.78015
12704,7.3875384
12705,124.149475
12706,93.05378
12707,170.17416
12708,183.34416
12709,113.354225
12710,13.523351
12711,139.69751
12712,199.03984
12713,108.6035
12714,36.24132
12715,136.06723
12716,152.1757
12717,156.56004
12718,92.62606
12719,27.607239
12720,61.539967
12721,30.66972
12722,59.917557
12723,150.90196
12724,125.49656
12725,11.030858
12726,29.487701
12727,107.66687
12728,8.113776
12729,77.1971
12730,116.944984
12731,45.872074
12732,16.228086
12733,20.809004
12734,93.25603
12735,144.99608
12736,9.10162
12737,54.635853
12738,79.09041
12739,169.51534
12740,151.66959
12741,157.92236
12742,97.57235
12743,177.37375
12744,6.6271253
12745,195.74496
12746,16.779568
12747,90.99894
12748,37.59001
12749,72.46392
12750,59.841877
12751,26.239468
12752,9.749387
12753,36.181896
12754,256.3932
12755,26.36355
12756,3.407499
12757,32.542458
12758,7.6006765
12759,97.86173
12760,2.7735684
12761,196.50957
12762,100.558975
12763,73.62342
12764,19.691023
12765,159.57806
12766,185.3144
12767,29.231731
12768,127.13688
12769,55.695827
12770,64.61057
12771,4.911031
12772,73.29881
12773,31.11926
12774,178.96626
12775,207.77733
12776,169.90144
12777,11.486803
12778,38.2599
12779,19.542465
12780,166.86804
12781,104.32679
12782,26.098131
12783,3.380649
12784,52.24359
12785,153.64082
12786,205.1867
12787,155.40128
12788,9.132089
12789,226.09822
12790,132.26865
12791,33.894566
12792,49.45332
12793,110.28339
12794,47.650116
12795,23.157108
12796,109.685165
12797,33.52329
12798,71.47039
12799,11.89564
12800,233.28706
12801,2.107657
12802,51.181202
12803,116.98046
12804,188.75945
12805,27.678751
12806,166.3745
12807,148.05136
12808,54.792923
12809,49.629963
12810,79.4189
12811,169.23337
12812,119.998215
12813,209.19658
12814,93.36025
12815,125.99931
12816,38.80934
12817,86.22116
12818,125.422775
12819,45.82896
12820,221.18881
12821,143.56966
12822,153.49603
12823,142.3815
12824,10.35908
12825,24.225931
12826,108.59631
12827,122.07968
12828,10.517049
12829,65.418335
12830,55.454865
12831,79.00463
12832,96.125885
12833,151.64635
12834,21.698227
12835,185.6669
12836,57.599762
12837,65.17845
12838,16.062286
12839,111.4549
12840,74.46378
12841,54.70546
12842,23.742628
12843,202.51305
12844,99.42643
12845,38.53145
12846,121.60438
12847,8.280801
12848,24.772596
12849,173.32735
12850,132.61789
12851,8.011724
12852,131.79144
12853,168.6324
12854,118.71504
12855,58.698986
12856,109.187416
12857,62.778736
12858,90.02311
12859,71.847496
12860,165.66885
12861,102.20058
12862,167.83731
12863,12.182056
12864,218.29926
12865,143.2916
12866,205.46753
12867,65.144135
12868,130.4997
12869,241.26266
12870,44.63304
12871,186.83018
12872,32.604916
12873,27.515263
12874,160.57254
12875,183.9335
12876,96.15308
12877,56.078423
12878,21.947245
12879,39.495285
12880,58.113064
12881,23.780548
12882,80.906425
12883,100.085266
12884,3.3646126
12885,22.229303
12886,3.5420954
12887,136.54152
12888,164.3155
12889,34.386448
12890,142.11418
12891,39.720516
12892,11.520634
12893,164.95671
12894,149.51895
12895,73.396904
12896,209.80138
12897,133.59816
12898,120.15136
12899,105.059204
12900,127.47939
12901,111.17738
12902,142.65817
12903,34.663746
12904,3.9583333
12905,25.714922
12906,124.67235
12907,67.60124
12908,24.994583
12909,5.134708
12910,72.26837
12911,203.3621
12912,115.82836
12913,33.32439
12914,103.71476
12915,91.72846
12916,176.03067
12917,20.65234
12918,68.77067
12919,176.95583
12920,162.8382
12921,140.5184
12922,43.184856
12923,8.816434
12924,60.168465
12925,52.731495
12926,194.02997
12927,128.84169
12928,101.48793
12929,93.99525
12930,97.935486
12931,111.05185
12932,85.63454
12933,79.67584
12934,146.7703
12935,168.21622
12936,77.79725
12937,144.01828
12938,66.01168
12939,166.92271
12940,147.72174
12941,70.79162
12942,70.53056
12943,99.990265
12944,92.48109
12945,6.7830057
12946,163.02106
12947,94.58587
12948,59.624397
12949,141.54926
12950,163.8576
12951,136.96355
12952,5.2955117
12953,97.69766
12954,241.61145
12955,47.443035
12956,44.866016
12957,108.66034
12958,93.59885
12959,33.47374
12960,25.04631
12961,146.01404
12962,29.918573
12963,145.07025
12964,38.194695
12965,105.33463
12966,65.17544
12967,29.151043
12968,190.3549
12969,41.245476
12970,134.79662
12971,176.6149
12972,58.5049
12973,9.134953
12974,6.0841827
12975,158.48943
12976,202.0108
12977,49.12318
12978,160.8653
12979,46.488922
12980,40.457188
12981,41.066032
12982,111.90622
12983,8.404233
12984,143.20778
12985,121.932846
12986,233.64288
12987,18.946512
12988,70.099304
12989,32.788364
12990,78.71536
12991,43.39675
12992,62.427135
12993,205.4854
12994,95.20508
12995,8.555825
12996,17.071358
12997,20.51624
12998,33.54186
12999,24.116156
13000,112.79051
13001,182.41331
13002,50.8862
13003,7.2422605
13004,4.52017
13005,178.32536
13006,71.24804
13007,16.965107
13008,17.006119
13009,76.80012
13010,110.24102
13011,5.292752
13012,26.092945
13013,57.009113
13014,68.34686
13015,14.562628
13016,180.78444
13017,6.079788
13018,1.988263
13019,58.87738
13020,2.4979098
13021,80.912865
13022,85.53413
13023,17.8331
13024,140.51369
13025,27.785835
13026,5.1340294
13027,88.04903
13028,187.35666
13029,15.422191
13030,11.533558
13031,4.236195
13032,90.173
13033,83.10508
13034,29.594585
13035,7.507175
13036,63.636105
13037,21.93533
13038,178.94751
13039,169.44943
13040,38.862045
13041,141.44211
13042,96.560486
13043,137.71042
13044,79.30468
13045,65.35062
13046,168.98418
13047,128.31679
13048,71.816986
13049,78.87302
13050,125.26093
13051,118.30299
13052,127.59714
13053,53.180202
13054,195.115
13055,53.741856
13056,81.222755
13057,163.04544
13058,8.580291
13059,164.00038
13060,20.001713
13061,9.540895
13062,36.07225
13063,20.189692
13064,10.116816
13065,59.755238
13066,150.88277
13067,219.20406
13068,137.88452
13069,141.4586
13070,85.42966
13071,34.788643
13072,43.763332
13073,45.658104
13074,180.72025
13075,88.2135
13076,97.70875
13077,195.58463
13078,184.7469
13079,174.90651
13080,174.8682
13081,51.348553
13082,21.292225
13083,160.57648
13084,192.11781
13085,21.784363
13086,89.07152
13087,105.32503
13088,146.62474
13089,24.412262
13090,22.342745
13091,25.081802
13092,4.2239013
13093,20.076544
13094,111.219345
13095,88.25735
13096,105.04129
13097,122.68483
13098,43.48238
13099,191.04062
13100,18.56027
13101,27.715729
13102,127.10632
13103,43.128872
13104,60.63231
13105,37.66364
13106,130.65147
13107,8.051799
13108,174.71295
13109,40.687916
13110,171.65099
13111,92.46293
13112,0.72745633
13113,216.42848
13114,113.79258
13115,122.34113
13116,64.703804
13117,198.3194
13118,36.413025
13119,11.580436
13120,58.801388
13121,113.20585
13122,16.782417
13123,194.91858
13124,60.038155
13125,22.782228
13126,58.375435
13127,188.82738
13128,134.64647
13129,85.60782
13130,30.46553
13131,90.20227
13132,23.307846
13133,80.20432
13134,21.495872
13135,107.567245
13136,149.37143
13137,7.2000084
13138,96.00499
13139,7.1657324
13140,26.807562
13141,64.80159
13142,164.19923
13143,209.30713
13144,159.41232
13145,180.2057
13146,170.0631
13147,152.96954
13148,84.90324
13149,105.35153
13150,151.91643
13151,88.94226
13152,74.87543
13153,10.993213
13154,66.887115
13155,18.30972
13156,5.9983954
13157,3.1836329
13158,176.23898
13159,114.44836
13160,58.487774
13161,158.6172
13162,22.439762
13163,15.253526
13164,27.841785
13165,77.13666
13166,9.980485
13167,134.15286
13168,80.58089
13169,168.9709
13170,60.840427
13171,197.74648
13172,143.09534
13173,10.415069
13174,35.105366
13175,29.919994
13176,68.82422
13177,17.736006
13178,153.83679
13179,203.42908
13180,44.894325
13181,45.666313
13182,41.855434
13183,166.19623
13184,49.555897
13185,88.76046
13186,200.01056
13187,174.66435
13188,176.88515
13189,46.100563
13190,68.50098
13191,52.58595
13192,102.09949
13193,83.97703
13194,146.08391
13195,21.91114
13196,203.91609
13197,124.82574
13198,189.38388
13199,126.134415
13200,105.047264
13201,3.7592366
13202,24.740938
13203,45.045574
13204,130.33176
13205,23.680304
13206,34.949562
13207,87.16552
13208,25.830917
13209,28.441616
13210,151.3324
13211,55.347713
13212,27.1809
13213,63.946186
13214,175.13431
13215,26.360155
13216,151.61993
13217,100.89007
13218,197.04494
13219,111.53081
13220,186.57974
13221,156.22879
13222,113.143814
13223,52.282463
13224,61.38168
13225,56.316525
13226,63.302742
13227,21.994219
13228,169.12279
13229,162.39864
13230,17.293177
13231,34.51498
13232,103.420494
13233,159.6062
13234,92.735756
13235,85.34718
13236,215.67126
13237,23.852856
13238,72.19701
13239,16.5086
13240,110.52229
13241,7.492266
13242,194.88297
13243,65.07955
13244,23.799665
13245,49.359207
13246,77.77163
13247,9.68967
13248,130.85239
13249,35.390224
13250,185.15639
13251,16.537905
13252,84.054245
13253,21.509256
13254,95.46432
13255,175.80911
13256,68.95502
13257,140.17297
13258,146.18512
13259,103.77691
13260,222.19844
13261,56.72063
13262,152.14629
13263,26.831068
13264,51.940384
13265,51.414196
13266,131.28996
13267,119.1051
13268,105.95078
13269,13.119769
13270,167.47545
13271,126.80013
13272,234.25276
13273,63.19579
13274,14.90221
13275,84.84196
13276,25.001652
13277,175.83943
13278,84.70238
13279,14.691051
13280,45.281826
13281,107.5703
13282,40.27569
13283,252.32018
13284,24.599745
13285,33.365776
13286,14.925571
13287,151.78064
13288,33.62714
13289,41.43832
13290,191.20544
13291,155.94846
13292,7.4267735
13293,33.67619
13294,100.44871
13295,173.223
13296,57.647335
13297,8.76698
13298,75.34372
13299,72.21013
13300,141.8436
13301,61.034798
13302,93.19725
13303,67.06297
13304,41.615345
13305,42.874172
13306,7.267134
13307,109.75789
13308,148.50674
13309,17.150583
13310,25.192013
13311,12.929944
13312,11.843636
13313,56.09332
13314,7.6297607
13315,42.57542
13316,41.696075
13317,83.04168
13318,46.161934
13319,31.50301
13320,83.989845
13321,52.353096
13322,31.569458
13323,6.908611
13324,100.280174
13325,136.2008
13326,46.547104
13327,169.90527
13328,42.293083
13329,80.86459
13330,118.92105
13331,184.26077
13332,116.19422
13333,150.12991
13334,119.930855
13335,186.11807
13336,18.179922
13337,85.512054
13338,14.26026
13339,28.034119
13340,3.8889985
13341,39.54878
13342,105.51711
13343,40.62801
13344,13.57025
13345,51.80728
13346,207.03014
13347,50.51639
13348,217.90277
13349,107.82454
13350,14.686843
13351,54.031567
13352,171.77628
13353,66.94958
13354,69.23508
13355,10.191356
13356,39.319283
13357,18.86192
13358,13.2857275
13359,116.864395
13360,64.55322
13361,16.987291
13362,158.96764
13363,6.46805
13364,13.634229
13365,7.4746566
13366,201.97845
13367,24.018486
13368,78.49426
13369,24.684155
13370,13.740454
13371,55.27767
13372,145.13359
13373,116.85973
13374,8.562055
13375,60.8347
13376,65.77754
13377,127.29528
13378,26.459599
13379,96.20725
13380,39.62852
13381,167.2641
13382,13.782713
13383,90.2409
13384,6.87227
13385,197.53586
13386,32.92536
13387,97.41304
13388,5.078434
13389,114.9138
13390,42.82085
13391,126.092026
13392,21.827166
13393,89.77392
13394,169.83386
13395,35.02036
13396,106.6356
13397,6.3365536
13398,33.030403
13399,123.60773
13400,30.673603
13401,70.6138
13402,75.53962
13403,4.797937
13404,72.31409
13405,51.01465
13406,25.188786
13407,116.640854
13408,26.066416
13409,144.49176
13410,16.011501
13411,200.3604
13412,30.065598
13413,41.976852
13414,30.127579
13415,271.58176
13416,109.5028
13417,81.94576
13418,17.144161
13419,166.18564
13420,45.824467
13421,86.47814
13422,168.6083
13423,37.814865
13424,58.6411
13425,25.702559
13426,47.27579
13427,67.17186
13428,99.52158
13429,141.04182
13430,139.52686
13431,199.54335
13432,136.79391
13433,94.212074
13434,168.83574
13435,177.04755
13436,38.77038
13437,83.25084
13438,57.92502
13439,104.65216
13440,211.19887
13441,7.338219
13442,5.5285125
13443,115.56556
13444,20.305191
13445,3.0774632
13446,48.987263
13447,208.53244
13448,142.32988
13449,124.45839
13450,164.09679
13451,98.53185
13452,21.709782
13453,126.83152
13454,68.3574
13455,62.43301
13456,165.04007
13457,29.695541
13458,253.32265
13459,78.84768
13460,56.31244
13461,5.9192133
13462,173.13342
13463,14.802705
13464,74.50975
13465,159.30545
13466,187.17432
13467,180.91667
13468,121.30896
13469,238.50586
13470,90.516754
13471,60.354237
13472,178.98882
13473,33.073116
13474,49.799454
13475,139.50723
13476,128.31136
13477,81.65189
13478,44.635635
13479,6.9315076
13480,45.139095
13481,66.18517
13482,189.82071
13483,98.52697
13484,135.16035
13485,37.17257
13486,219.66246
13487,93.94007
13488,10.17335
13489,32.68883
13490,56.702126
13491,46.47795
13492,28.932804
13493,40.703087
13494,42.5112
13495,109.102234
13496,56.279125
13497,160.334
13498,8.717327
13499,214.26555
13500,159.00676
13501,139.05014
13502,184.21416
13503,107.01109
13504,114.271835
13505,83.73708
13506,111.022224
13507,49.806263
13508,59.11868
13509,186.23695
13510,50.677803
13511,20.22855
13512,70.09274
13513,16.88109
13514,11.013464
13515,93.11654
13516,18.104322
13517,89.137726
13518,79.11912
13519,61.96782
13520,117.0742
13521,42.74647
13522,120.72436
13523,161.9313
13524,100.29321
13525,46.48923
13526,21.27646
13527,183.53262
13528,74.60537
13529,17.850132
13530,14.921721
13531,41.23224
13532,19.101372
13533,189.01262
13534,21.297058
13535,108.82553
13536,29.401335
13537,98.69757
13538,210.76222
13539,111.35601
13540,123.33979
13541,6.322497
13542,33.73152
13543,12.06645
13544,48.848965
13545,133.02565
13546,95.22219
13547,77.5793
13548,58.263042
13549,13.576018
13550,209.35619
13551,13.080508
13552,174.83156
13553,141.92671
13554,43.98821
13555,101.15447
13556,65.62447
13557,14.623335
13558,55.250534
13559,162.64954
13560,6.4401526
13561,143.34032
13562,18.524958
13563,123.215164
13564,25.464972
13565,165.0071
13566,144.62411
13567,73.23472
13568,30.879442
13569,109.271416
13570,55.975185
13571,39.322445
13572,183.52574
13573,115.14808
13574,32.642765
13575,27.117352
13576,165.81741
13577,85.850876
13578,193.20341
13579,184.02881
13580,6.9691005
13581,164.96939
13582,1.9131349
13583,43.499813
13584,7.936355
13585,7.1078434
13586,238.4196
13587,48.077843
13588,69.70585
13589,135.16772
13590,93.72941
13591,66.872284
13592,57.408806
13593,-0.87788
13594,46.395943
13595,10.125419
13596,87.430595
13597,28.988756
13598,40.582253
13599,35.894485
13600,11.758054
13601,35.796677
13602,40.420475
13603,76.76251
13604,8.825732
13605,159.64716
13606,137.29716
13607,97.097206
13608,51.85193
13609,35.75299
13610,61.0797
13611,167.37569
13612,96.45176
13613,118.22363
13614,137.51717
13615,28.650126
13616,16.646555
13617,99.166145
13618,13.262525
13619,8.883656
13620,147.66426
13621,3.1283474
13622,190.838
13623,35.793247
13624,128.20406
13625,50.518356
13626,36.413303
13627,149.64609
13628,101.56141
13629,5.589479
13630,98.52183
13631,61.496456
13632,177.09433
13633,98.08136
13634,88.48993
13635,94.39783
13636,28.460161
13637,56.137463
13638,64.482605
13639,34.523087
13640,109.745186
13641,85.34177
13642,135.48427
13643,20.226017
13644,115.91339
13645,24.69034
13646,181.77762
13647,206.36984
13648,51.475002
13649,108.68524
13650,44.967438
13651,41.07366
13652,72.62879
13653,134.46063
13654,10.097854
13655,14.69125
13656,215.99474
13657,41.260242
13658,52.511173
13659,51.871624
13660,137.76804
13661,7.075301
13662,67.514435
13663,74.11172
13664,124.62505
13665,64.509895
13666,76.092804
13667,46.074547
13668,163.76274
13669,6.4590893
13670,262.07126
13671,160.16388
13672,219.04314
13673,112.3858
13674,182.82594
13675,54.83882
13676,6.4303236
13677,29.20219
13678,95.478065
13679,57.95547
13680,148.2183
13681,98.0183
13682,81.75829
13683,168.27711
13684,179.72498
13685,128.40749
13686,70.24402
13687,31.49841
13688,87.85379
13689,166.03929
13690,103.37592
13691,46.02755
13692,22.332563
13693,128.56606
13694,164.66246
13695,121.72547
13696,44.15901
13697,94.877716
13698,63.45631
13699,48.003544
13700,68.070724
13701,13.671322
13702,12.499797
13703,172.2455
13704,27.529057
13705,123.67448
13706,87.37386
13707,48.92434
13708,28.204231
13709,36.57609
13710,9.08264
13711,37.95447
13712,77.9649
13713,47.939953
13714,41.598743
13715,101.50295
13716,17.555773
13717,29.63967
13718,127.02693
13719,12.8107395
13720,162.01991
13721,213.97075
13722,14.745994
13723,39.41718
13724,112.743805
13725,203.63148
13726,110.07883
13727,122.610344
13728,32.130123
13729,69.3064
13730,54.27617
13731,168.57666
13732,187.25232
13733,170.01672
13734,40.995453
13735,33.298607
13736,179.90337
13737,34.160736
13738,26.49493
13739,35.376575
13740,42.24713
13741,135.1134
13742,233.03687
13743,68.49072
13744,52.507687
13745,53.66665
13746,96.64835
13747,56.450138
13748,8.323283
13749,151.88737
13750,69.953026
13751,118.88916
13752,131.30391
13753,32.215496
13754,134.08789
13755,181.58212
13756,161.44078
13757,115.35943
13758,21.827585
13759,143.756
13760,15.79356
13761,73.9526
13762,146.47002
13763,65.003334
13764,15.0735655
13765,100.638725
13766,167.05963
13767,129.89479
13768,138.9303
13769,116.47086
13770,8.707829
13771,95.41192
13772,46.770668
13773,18.001549
13774,33.139954
13775,106.04723
13776,9.506884
13777,86.04609
13778,120.53693
13779,61.88365
13780,220.55115
13781,128.89554
13782,153.26997
13783,107.33041
13784,25.647163
13785,43.120808
13786,101.208626
13787,172.2136
13788,5.739465
13789,18.92382
13790,100.88636
13791,19.081396
13792,60.942192
13793,91.15458
13794,93.139755
13795,61.91316
13796,73.31557
13797,70.562996
13798,36.628647
13799,99.60474
13800,31.400515
13801,38.61739
13802,138.81604
13803,102.07739
13804,180.54384
13805,38.4879
13806,39.406757
13807,55.014126
13808,31.136429
13809,25.99698
13810,116.23877
13811,111.12445
13812,110.96329
13813,16.207441
13814,96.83333
13815,105.74443
13816,43.631676
13817,113.83624
13818,130.33397
13819,123.55646
13820,96.17595
13821,106.19548
13822,27.514523
13823,31.734228
13824,33.39934
13825,26.06194
13826,38.335087
13827,156.72006
13828,153.37898
13829,109.68292
13830,29.772333
13831,98.70698
13832,51.650864
13833,60.261543
13834,88.15984
13835,47.680878
13836,49.492405
13837,72.31432
13838,196.3296
13839,166.00931
13840,120.422264
13841,142.07715
13842,127.363266
13843,147.4739
13844,40.737724
13845,124.2312
13846,54.961117
13847,37.410576
13848,216.13112
13849,40.961403
13850,42.33045
13851,168.41307
13852,121.02158
13853,25.08912
13854,8.718335
13855,84.88255
13856,13.568025
13857,9.511265
13858,67.33661
13859,138.07047
13860,179.55211
13861,8.756199
13862,133.96436
13863,17.106216
13864,100.10379
13865,39.533466
13866,79.22728
13867,90.072426
13868,91.05795
13869,159.9031
13870,119.24265
13871,65.52045
13872,105.10308
13873,35.264774
13874,58.57985
13875,108.612564
13876,158.23541
13877,82.53273
13878,187.61143
13879,35.58306
13880,110.54853
13881,15.676823
13882,138.31685
13883,139.03128
13884,72.32961
13885,182.85504
13886,110.545364
13887,13.752581
13888,136.91081
13889,15.839792
13890,68.57209
13891,211.70209
13892,153.53352
13893,41.72607
13894,90.41011
13895,211.8858
13896,25.129232
13897,37.74764
13898,103.05432
13899,89.82063
13900,133.4675
13901,42.527153
13902,101.875656
13903,38.46865
13904,189.5928
13905,25.342176
13906,82.20073
13907,10.550907
13908,62.515472
13909,57.491108
13910,187.97342
13911,46.03895
13912,81.87986
13913,3.1498084
13914,117.370636
13915,71.93613
13916,196.4494
13917,195.55052
13918,94.11291
13919,140.0382
13920,202.62921
13921,28.848845
13922,17.758091
13923,72.18682
13924,5.89106
13925,103.4377
13926,32.01202
13927,11.862091
13928,0.21982984
13929,104.18335
13930,82.978584
13931,87.66866
13932,60.20815
13933,82.473
13934,54.371227
13935,80.30419
13936,62.498154
13937,74.79729
13938,20.8447
13939,8.044001
13940,128.03532
13941,83.542145
13942,236.95415
13943,180.53165
13944,61.682384
13945,91.55838
13946,39.72483
13947,90.6149
13948,31.491188
13949,206.3109
13950,60.566788
13951,154.40964
13952,7.1647034
13953,85.535164
13954,51.255302
13955,41.740345
13956,78.2802
13957,104.12287
13958,14.191361
13959,121.04729
13960,24.26938
13961,210.29588
13962,48.637913
13963,33.14247
13964,18.442558
13965,91.83468
13966,5.6379013
13967,107.07852
13968,105.27839
13969,129.1725
13970,62.679363
13971,106.81598
13972,109.24414
13973,125.520836
13974,112.50675
13975,129.25381
13976,8.268971
13977,30.932878
13978,34.4763
13979,179.1151
13980,95.57963
13981,96.9626
13982,27.109108
13983,8.936067
13984,41.336693
13985,201.47005
13986,139.98947
13987,82.01835
13988,45.025932
13989,99.38681
13990,133.32257
13991,22.990986
13992,178.42944
13993,83.406715
13994,51.18229
13995,160.03818
13996,135.64548
13997,14.435539
13998,163.96634
13999,65.015076
14000,243.45587
